test r2,train r2,Negative RMSE,n_estimators
0.4605615847920855,0.9260365214674584,-39139.02072478324,100
0.45304134522670053,0.9163875584903095,-39409.0210599263,20
0.4520001325906658,0.9248364071344531,-39449.31639218341,50
0.4325112356955369,0.9032956033152916,-40135.896199782925,10
