test r2,train r2,Negative RMSE,n_estimators
0.45867194449631804,0.9250913267996697,-39205.68081951311,100
0.454388701110386,0.9217410290773222,-39358.30847752753,50
0.437798323637979,0.8979579264979319,-39947.485794078406,10
0.43411573866045217,0.9156896962654644,-40083.680127192834,20
