test r2,train r2,Negative RMSE,n_estimators
0.45788398356103177,0.9265056973790612,-39233.46312410462,100
0.454074230177999,0.9226624306338517,-39375.27900505351,50
0.44731574546994207,0.916379504893403,-39615.889891720224,20
0.4394621842986486,0.8947635403812905,-39902.31047465695,10
