test r2,train r2,Negative RMSE,n_estimators
0.4634211633774655,0.9231308562210708,-39038.12093676866,100
0.4550162450535576,0.9241805199515437,-39338.310173093894,50
0.4457653510676359,0.9139336516912211,-39670.83927959171,20
0.418722228327286,0.9067044202767973,-40598.528252640725,10
