Feature,Coefficient
paralegal,-38455.37888103572
resident,-28025.22598514556
adjunct,-24879.487534647058
office,-23444.42720426175
clerk,-21626.919888520515
bookkeeper,-20094.95707585675
assistant,-18433.968784112134
city_Tallahassee,-18425.07682971883
legal,-18365.616657118553
secretary,-18257.954273716037
