Feature,Coefficient
paralegal,-38459.813430230744
resident,-28017.909699875752
adjunct,-24873.13279505241
office,-23446.571955972675
clerk,-21622.608016746584
bookkeeper,-20096.758826980713
assistant,-18435.037256538562
city_Tallahassee,-18421.46814354105
legal,-18358.63872638036
secretary,-18255.884855277356
