Feature,Coefficient
2313,74365.20335088018
2728,63705.523506527206
2112,62124.65894329702
2265,58462.56592686038
2424,53442.28588877644
81,46930.74173165663
1668,45417.19641270584
1307,43911.428345662694
2073,41834.969271578484
2217,41535.877486182064
