Feature,Coefficient
physician,74378.06487181177
svp,63692.998820313805
md,62148.927572192166
partner,58460.38614882974
psychiatrist,53449.04910672407
city_Bay Area,46940.703174617236
equity,45417.84695702802
chief,43903.579613046204
machine,41832.51343562956
onlyfans,41546.77315212262
